Unnamed: 0,Player Name,Player Salary
0,Player-0,"$2,254,095.00"
1,Player-1,"$2,299,036.00"
2,Player-2,"$32,295,979.00"
3,Player-3,"$10,356,952.00"
4,Player-4,"$40,984,949.00"
5,Player-5,"$22,823,641.00"
6,Player-6,"$20,919,900.00"
7,Player-7,"$2,850,804.00"
8,Player-8,"$25,229,915.00"
9,Player-9,"$16,361,703.00"
10,Player-10,"$39,271,221.00"
11,Player-11,"$10,802,408.00"
12,Player-12,"$17,490,313.00"
13,Player-13,"$24,334,279.00"
14,Player-14,"$15,250,686.00"
15,Player-15,"$22,543,664.00"
16,Player-16,"$14,337,076.00"
17,Player-17,"$44,115,509.00"
18,Player-18,"$518,868.00"
19,Player-19,"$16,439,633.00"
20,Player-20,"$33,696,069.00"
21,Player-21,"$22,165,796.00"
22,Player-22,"$24,790,984.00"
23,Player-23,"$10,584,959.00"
24,Player-24,"$27,311,097.00"
25,Player-25,"$46,300,260.00"
26,Player-26,"$3,647,418.00"
27,Player-27,"$47,632,085.00"
28,Player-28,"$1,640,402.00"
29,Player-29,"$6,456,789.00"
30,Player-30,"$41,151,813.00"
31,Player-31,"$36,498,151.00"
32,Player-32,"$45,583,618.00"
33,Player-33,"$23,914,962.00"
34,Player-34,"$29,813,904.00"
35,Player-35,"$2,206,959.00"
36,Player-36,"$31,438,552.00"
37,Player-37,"$46,815,245.00"
38,Player-38,"$41,109,262.00"
39,Player-39,"$12,518,428.00"
40,Player-40,"$17,809,825.00"
41,Player-41,"$14,303,484.00"
42,Player-42,"$14,123,886.00"
43,Player-43,"$41,855,811.00"
44,Player-44,"$11,254,402.00"
45,Player-45,"$37,703,332.00"
46,Player-46,"$30,976,977.00"
47,Player-47,"$3,083,709.00"
48,Player-48,"$26,104,562.00"
49,Player-49,"$13,868,055.00"
50,Player-50,"$5,449,732.00"
51,Player-51,"$8,589,828.00"
52,Player-52,"$15,758,122.00"
53,Player-53,"$6,671,646.00"
54,Player-54,"$4,363,469.00"
55,Player-55,"$21,605,701.00"
56,Player-56,"$14,680,068.00"
57,Player-57,"$21,353,653.00"
58,Player-58,"$34,904,933.00"
59,Player-59,"$40,997,245.00"
60,Player-60,"$25,996,780.00"
61,Player-61,"$13,456,725.00"
62,Player-62,"$41,983,678.00"
63,Player-63,"$16,226,700.00"
64,Player-64,"$31,041,254.00"
65,Player-65,"$23,541,102.00"
66,Player-66,"$34,956,963.00"
67,Player-67,"$2,928,458.00"
68,Player-68,"$13,316,030.00"
69,Player-69,"$21,443,989.00"
70,Player-70,"$27,120,281.00"
71,Player-71,"$28,592,566.00"
72,Player-72,"$8,540,153.00"
73,Player-73,"$10,827,401.00"
74,Player-74,"$31,283,253.00"
75,Player-75,"$17,158,171.00"
76,Player-76,"$3,962,458.00"
77,Player-77,"$2,158,110.00"
78,Player-78,"$20,773,998.00"
79,Player-79,"$14,258,393.00"
80,Player-80,"$7,226,597.00"
81,Player-81,"$37,767,338.00"
82,Player-82,"$11,424,820.00"
83,Player-83,"$17,144,447.00"
84,Player-84,"$19,619,289.00"
85,Player-85,"$10,251,506.00"
86,Player-86,"$47,451,624.00"
87,Player-87,"$22,251,419.00"
88,Player-88,"$23,061,885.00"
89,Player-89,"$36,832,819.00"
90,Player-90,"$34,352,144.00"
91,Player-91,"$18,771,064.00"
92,Player-92,"$2,250,914.00"
93,Player-93,"$32,486,309.00"
94,Player-94,"$32,886,295.00"
95,Player-95,"$6,553,596.00"
96,Player-96,"$22,422,124.00"
97,Player-97,"$23,099,698.00"
98,Player-98,"$24,611,008.00"
99,Player-99,"$24,574,230.00"
100,Player-100,"$12,352,695.00"
101,Player-101,"$45,567,744.00"
102,Player-102,"$27,206,924.00"
103,Player-103,"$40,886,211.00"
104,Player-104,"$16,869,892.00"
105,Player-105,"$34,774,064.00"
106,Player-106,"$41,756,486.00"
107,Player-107,"$11,849,793.00"
108,Player-108,"$30,849,148.00"
109,Player-109,"$39,134,488.00"
110,Player-110,"$27,061,113.00"
111,Player-111,"$656,650.00"
112,Player-112,"$7,951,450.00"
113,Player-113,"$22,242,422.00"
114,Player-114,"$13,222,888.00"
115,Player-115,"$27,563,699.00"
116,Player-116,"$11,412,507.00"
117,Player-117,"$17,314,988.00"
118,Player-118,"$6,829,392.00"
119,Player-119,"$44,544,339.00"
120,Player-120,"$45,043,890.00"
121,Player-121,"$7,159,320.00"
122,Player-122,"$26,023,550.00"
123,Player-123,"$45,011,765.00"
124,Player-124,"$30,773,799.00"
125,Player-125,"$48,357,752.00"
126,Player-126,"$38,743,509.00"
127,Player-127,"$33,404,900.00"
128,Player-128,"$49,395,754.00"
129,Player-129,"$13,967,165.00"
130,Player-130,"$4,444,780.00"
131,Player-131,"$33,607,753.00"
132,Player-132,"$5,864,633.00"
133,Player-133,"$7,200,642.00"
134,Player-134,"$3,379,483.00"
135,Player-135,"$46,770,249.00"
136,Player-136,"$22,506,960.00"
137,Player-137,"$40,098,740.00"
138,Player-138,"$6,898,019.00"
139,Player-139,"$40,498,371.00"
140,Player-140,"$5,192,157.00"
141,Player-141,"$11,172,750.00"
142,Player-142,"$17,821,933.00"
143,Player-143,"$14,615,725.00"
144,Player-144,"$15,448,434.00"
145,Player-145,"$17,315,089.00"
146,Player-146,"$40,373,440.00"
147,Player-147,"$38,728,742.00"
148,Player-148,"$13,321,098.00"
149,Player-149,"$48,764,098.00"
150,Player-150,"$26,418,605.00"
151,Player-151,"$33,786,083.00"
152,Player-152,"$19,858,434.00"
153,Player-153,"$44,046,449.00"
154,Player-154,"$7,710,656.00"
155,Player-155,"$27,823,548.00"
156,Player-156,"$23,459,142.00"
157,Player-157,"$29,281,651.00"
158,Player-158,"$31,509,999.00"
159,Player-159,"$5,445,624.00"
160,Player-160,"$8,779,520.00"
161,Player-161,"$31,394,280.00"
162,Player-162,"$5,257,279.00"
163,Player-163,"$35,592,343.00"
164,Player-164,"$1,765,674.00"
165,Player-165,"$15,907,990.00"
166,Player-166,"$29,573,983.00"
167,Player-167,"$21,553,871.00"
168,Player-168,"$20,402,239.00"
169,Player-169,"$39,638,260.00"
170,Player-170,"$20,345,757.00"
171,Player-171,"$45,650,010.00"
172,Player-172,"$4,203,945.00"
173,Player-173,"$27,678,443.00"
174,Player-174,"$7,238,920.00"
175,Player-175,"$48,096,538.00"
176,Player-176,"$14,191,001.00"
177,Player-177,"$36,887,431.00"
178,Player-178,"$26,941,624.00"
179,Player-179,"$47,551,384.00"
180,Player-180,"$8,895,582.00"
181,Player-181,"$30,300,584.00"
182,Player-182,"$28,880,833.00"
183,Player-183,"$10,831,803.00"
184,Player-184,"$35,997,005.00"
185,Player-185,"$19,596,723.00"
186,Player-186,"$13,991,211.00"
187,Player-187,"$7,547,120.00"
188,Player-188,"$8,519,801.00"
189,Player-189,"$40,128,580.00"
190,Player-190,"$41,882,170.00"
191,Player-191,"$28,556,723.00"
192,Player-192,"$28,783,696.00"
193,Player-193,"$8,367,118.00"
194,Player-194,"$34,914,523.00"
195,Player-195,"$45,890,495.00"
196,Player-196,"$40,165,722.00"
197,Player-197,"$43,961,027.00"
198,Player-198,"$43,123,402.00"
199,Player-199,"$38,856,537.00"
200,Player-200,"$1,199,766.00"
201,Player-201,"$49,865,268.00"
202,Player-202,"$19,599,033.00"
203,Player-203,"$2,013,495.00"
204,Player-204,"$23,953,380.00"
205,Player-205,"$18,876,034.00"
206,Player-206,"$23,980,757.00"
207,Player-207,"$2,397,641.00"
208,Player-208,"$11,208,887.00"
209,Player-209,"$1,798,168.00"
210,Player-210,"$28,519,916.00"
211,Player-211,"$3,059,061.00"
212,Player-212,"$1,252,800.00"
213,Player-213,"$38,555,390.00"
214,Player-214,"$30,965,774.00"
215,Player-215,"$45,249,386.00"
216,Player-216,"$13,413,687.00"
217,Player-217,"$18,904,532.00"
218,Player-218,"$44,101,713.00"
219,Player-219,"$38,670,502.00"
220,Player-220,"$17,922,175.00"
221,Player-221,"$38,950,083.00"
222,Player-222,"$9,204,618.00"
223,Player-223,"$40,308,166.00"
224,Player-224,"$3,452,015.00"
225,Player-225,"$41,472,531.00"
226,Player-226,"$22,149,208.00"
227,Player-227,"$28,617,249.00"
228,Player-228,"$44,958,916.00"
229,Player-229,"$30,733,689.00"
230,Player-230,"$32,257,561.00"
231,Player-231,"$2,598,037.00"
232,Player-232,"$20,784,496.00"
233,Player-233,"$46,072,127.00"
234,Player-234,"$510,373.00"
235,Player-235,"$47,202,837.00"
236,Player-236,"$21,165,266.00"
237,Player-237,"$21,062,247.00"
238,Player-238,"$25,913,131.00"
239,Player-239,"$22,743,968.00"
240,Player-240,"$30,261,765.00"
241,Player-241,"$15,623,802.00"
242,Player-242,"$33,670,426.00"
243,Player-243,"$12,637,338.00"
244,Player-244,"$38,711,869.00"
245,Player-245,"$37,413,204.00"
246,Player-246,"$9,912,703.00"
247,Player-247,"$17,361,799.00"
248,Player-248,"$23,957,679.00"
249,Player-249,"$3,676,924.00"
250,Player-250,"$40,620,454.00"
251,Player-251,"$27,748,918.00"
252,Player-252,"$8,143,839.00"
253,Player-253,"$8,860,956.00"
254,Player-254,"$7,906,198.00"
255,Player-255,"$9,120,305.00"
256,Player-256,"$49,036,060.00"
257,Player-257,"$5,690,820.00"
258,Player-258,"$24,044,859.00"
259,Player-259,"$44,131,302.00"
260,Player-260,"$4,083,871.00"
261,Player-261,"$12,915,660.00"
262,Player-262,"$17,469,563.00"
263,Player-263,"$10,594,899.00"
264,Player-264,"$15,782,227.00"
265,Player-265,"$28,956,400.00"
266,Player-266,"$5,934,195.00"
267,Player-267,"$19,970,544.00"
268,Player-268,"$45,830,286.00"
269,Player-269,"$23,777,851.00"
270,Player-270,"$22,379,100.00"
271,Player-271,"$4,691,225.00"
272,Player-272,"$35,231,412.00"
273,Player-273,"$33,142,327.00"
274,Player-274,"$6,135,930.00"
275,Player-275,"$10,770,124.00"
276,Player-276,"$18,475,743.00"
277,Player-277,"$8,909,922.00"
278,Player-278,"$35,683,820.00"
279,Player-279,"$18,166,000.00"
280,Player-280,"$45,047,244.00"
281,Player-281,"$49,293,096.00"
282,Player-282,"$19,442,993.00"
283,Player-283,"$574,972.00"
284,Player-284,"$44,613,194.00"
285,Player-285,"$17,290,785.00"
286,Player-286,"$37,755,998.00"
287,Player-287,"$24,066,674.00"
288,Player-288,"$1,739,528.00"
289,Player-289,"$14,140,408.00"
290,Player-290,"$16,875,717.00"
291,Player-291,"$4,664,102.00"
292,Player-292,"$38,811,945.00"
293,Player-293,"$17,083,666.00"
294,Player-294,"$32,573,779.00"
295,Player-295,"$2,572,025.00"
296,Player-296,"$28,605,388.00"
297,Player-297,"$12,363,882.00"
298,Player-298,"$40,533,422.00"
299,Player-299,"$30,031,263.00"
300,Player-300,"$4,511,568.00"
301,Player-301,"$48,446,109.00"
302,Player-302,"$1,118,502.00"
303,Player-303,"$43,489,338.00"
304,Player-304,"$31,843,064.00"
305,Player-305,"$14,480,522.00"
306,Player-306,"$21,484,248.00"
307,Player-307,"$7,341,406.00"
308,Player-308,"$41,080,941.00"
309,Player-309,"$9,207,297.00"
310,Player-310,"$28,680,273.00"
311,Player-311,"$8,519,955.00"
312,Player-312,"$29,708,575.00"
313,Player-313,"$3,616,444.00"
314,Player-314,"$30,620,014.00"
315,Player-315,"$45,492,379.00"
316,Player-316,"$31,518,705.00"
317,Player-317,"$15,205,143.00"
318,Player-318,"$21,207,887.00"
319,Player-319,"$37,834,617.00"
320,Player-320,"$1,249,280.00"
321,Player-321,"$29,166,638.00"
322,Player-322,"$31,365,654.00"
323,Player-323,"$6,528,255.00"
324,Player-324,"$20,291,268.00"
325,Player-325,"$45,264,261.00"
326,Player-326,"$33,510,273.00"
327,Player-327,"$10,291,173.00"
328,Player-328,"$42,291,879.00"
329,Player-329,"$18,680,850.00"
330,Player-330,"$46,124,354.00"
331,Player-331,"$4,825,132.00"
332,Player-332,"$35,488,358.00"
333,Player-333,"$6,825,356.00"
334,Player-334,"$36,332,956.00"
335,Player-335,"$3,970,441.00"
336,Player-336,"$24,443,943.00"
337,Player-337,"$15,920,639.00"
338,Player-338,"$26,251,051.00"
339,Player-339,"$25,870,829.00"
340,Player-340,"$17,061,027.00"
341,Player-341,"$47,058,291.00"
342,Player-342,"$22,888,507.00"
343,Player-343,"$7,780,026.00"
344,Player-344,"$22,192,416.00"
345,Player-345,"$43,842,100.00"
346,Player-346,"$41,100,182.00"
347,Player-347,"$48,434,150.00"
348,Player-348,"$36,671,395.00"
349,Player-349,"$48,230,468.00"
350,Player-350,"$14,203,283.00"
351,Player-351,"$39,826,785.00"
352,Player-352,"$2,529,213.00"
353,Player-353,"$48,745,272.00"
354,Player-354,"$35,209,625.00"
355,Player-355,"$1,630,568.00"
356,Player-356,"$19,610,024.00"
357,Player-357,"$26,532,849.00"
358,Player-358,"$8,875,294.00"
359,Player-359,"$16,819,545.00"
360,Player-360,"$47,623,067.00"
361,Player-361,"$25,074,273.00"
362,Player-362,"$22,248,848.00"
363,Player-363,"$4,852,632.00"
364,Player-364,"$35,419,537.00"
365,Player-365,"$1,059,841.00"
366,Player-366,"$49,384,491.00"
367,Player-367,"$41,855,679.00"
368,Player-368,"$49,756,688.00"
369,Player-369,"$31,603,179.00"
370,Player-370,"$20,144,836.00"
371,Player-371,"$10,942,660.00"
372,Player-372,"$44,505,327.00"
373,Player-373,"$29,575,415.00"
374,Player-374,"$26,241,778.00"
375,Player-375,"$16,057,721.00"
376,Player-376,"$16,590,280.00"
377,Player-377,"$48,908,873.00"
378,Player-378,"$46,673,953.00"
379,Player-379,"$19,881,394.00"
380,Player-380,"$28,152,430.00"
381,Player-381,"$47,459,500.00"
382,Player-382,"$976,323.00"
383,Player-383,"$8,522,390.00"
384,Player-384,"$28,804,463.00"
385,Player-385,"$48,689,212.00"
386,Player-386,"$40,602,181.00"
387,Player-387,"$17,404,794.00"
388,Player-388,"$29,738,958.00"
389,Player-389,"$27,340,618.00"
390,Player-390,"$31,661,442.00"
391,Player-391,"$49,962,791.00"
392,Player-392,"$33,270,296.00"
393,Player-393,"$37,005,616.00"
394,Player-394,"$29,464,219.00"
395,Player-395,"$37,008,679.00"
396,Player-396,"$16,050,010.00"
397,Player-397,"$31,770,060.00"
398,Player-398,"$33,408,587.00"
399,Player-399,"$20,099,990.00"
400,Player-400,"$437,248.00"
401,Player-401,"$14,113,887.00"
402,Player-402,"$24,093,862.00"
403,Player-403,"$5,173,589.00"
404,Player-404,"$1,375,834.00"
405,Player-405,"$28,704,513.00"
406,Player-406,"$5,797,739.00"
407,Player-407,"$42,647,845.00"
408,Player-408,"$24,489,224.00"
409,Player-409,"$18,036,024.00"
410,Player-410,"$41,768,806.00"
411,Player-411,"$12,194,856.00"
412,Player-412,"$20,990,155.00"
413,Player-413,"$43,150,058.00"
414,Player-414,"$24,574,286.00"
415,Player-415,"$36,956,102.00"
416,Player-416,"$22,013,732.00"
417,Player-417,"$43,505,129.00"
418,Player-418,"$33,537,076.00"
419,Player-419,"$1,377,586.00"
420,Player-420,"$36,738,932.00"
421,Player-421,"$19,356,877.00"
422,Player-422,"$40,572,273.00"
423,Player-423,"$49,838,195.00"
424,Player-424,"$3,727,343.00"
425,Player-425,"$11,217,038.00"
426,Player-426,"$3,363,297.00"
427,Player-427,"$41,709,763.00"
428,Player-428,"$43,771,307.00"
429,Player-429,"$14,606,469.00"
430,Player-430,"$18,327,922.00"
431,Player-431,"$11,788,945.00"
432,Player-432,"$27,149,501.00"
433,Player-433,"$47,095,584.00"
434,Player-434,"$49,357,261.00"
435,Player-435,"$39,875,535.00"
436,Player-436,"$8,441,291.00"
437,Player-437,"$29,430,347.00"
438,Player-438,"$751,360.00"
439,Player-439,"$40,295,513.00"
440,Player-440,"$22,710,788.00"
441,Player-441,"$17,610,238.00"
442,Player-442,"$47,260,698.00"
443,Player-443,"$4,044,658.00"
444,Player-444,"$17,509,504.00"
445,Player-445,"$13,210,978.00"
446,Player-446,"$39,924,972.00"
447,Player-447,"$47,073,313.00"
448,Player-448,"$27,248,846.00"
449,Player-449,"$28,335,863.00"
450,Player-450,"$13,049,111.00"
451,Player-451,"$35,115,504.00"
452,Player-452,"$42,005,988.00"
453,Player-453,"$35,911,934.00"
454,Player-454,"$32,444,100.00"
455,Player-455,"$35,778,800.00"
456,Player-456,"$28,268,308.00"
457,Player-457,"$6,272,282.00"
458,Player-458,"$30,861,227.00"
459,Player-459,"$33,081,119.00"
460,Player-460,"$49,353,602.00"
461,Player-461,"$20,327,790.00"
462,Player-462,"$9,304,000.00"
463,Player-463,"$47,667,332.00"
464,Player-464,"$49,516,308.00"
465,Player-465,"$46,382,002.00"
466,Player-466,"$10,644,530.00"
467,Player-467,"$20,639,733.00"
468,Player-468,"$23,210,176.00"
469,Player-469,"$20,201,612.00"
470,Player-470,"$39,058,360.00"
471,Player-471,"$45,359,709.00"
472,Player-472,"$49,580,341.00"
473,Player-473,"$46,567,911.00"
474,Player-474,"$24,076,746.00"
475,Player-475,"$26,101,939.00"
476,Player-476,"$2,877,755.00"
477,Player-477,"$45,400,441.00"
478,Player-478,"$42,992,690.00"
479,Player-479,"$5,175,212.00"
480,Player-480,"$45,808,856.00"
481,Player-481,"$38,252,586.00"
482,Player-482,"$37,352,951.00"
483,Player-483,"$21,649,900.00"
484,Player-484,"$27,723,262.00"
485,Player-485,"$39,528,243.00"
486,Player-486,"$25,079,919.00"
487,Player-487,"$36,278,559.00"
488,Player-488,"$36,139,813.00"
489,Player-489,"$25,203,636.00"
490,Player-490,"$35,461,109.00"
491,Player-491,"$3,649,975.00"
492,Player-492,"$39,722,643.00"
493,Player-493,"$47,360,550.00"
494,Player-494,"$9,863,815.00"
495,Player-495,"$1,606,391.00"
496,Player-496,"$32,612,128.00"
497,Player-497,"$5,248,087.00"
498,Player-498,"$31,084,387.00"
499,Player-499,"$47,791,120.00"
500,Player-500,"$31,035,923.00"
501,Player-501,"$35,754,447.00"
502,Player-502,"$25,179,063.00"
503,Player-503,"$15,089,529.00"
504,Player-504,"$38,211,537.00"
505,Player-505,"$45,675,970.00"
506,Player-506,"$47,318,674.00"
507,Player-507,"$1,858,539.00"
508,Player-508,"$10,176,940.00"
509,Player-509,"$5,023,579.00"
510,Player-510,"$49,851,815.00"
511,Player-511,"$46,345,364.00"
512,Player-512,"$48,881,744.00"
513,Player-513,"$1,255,923.00"
514,Player-514,"$27,244,283.00"
515,Player-515,"$16,343,236.00"
516,Player-516,"$8,765,206.00"
517,Player-517,"$48,111,216.00"
518,Player-518,"$49,663,067.00"
519,Player-519,"$29,467,814.00"
520,Player-520,"$21,331,384.00"
521,Player-521,"$7,545,083.00"
522,Player-522,"$12,882,288.00"
523,Player-523,"$3,553,331.00"
524,Player-524,"$15,991,710.00"
525,Player-525,"$22,478,543.00"
526,Player-526,"$2,873,514.00"
527,Player-527,"$24,198,310.00"
528,Player-528,"$13,392,679.00"
529,Player-529,"$45,370,336.00"
530,Player-530,"$3,147,711.00"
531,Player-531,"$41,194,411.00"
532,Player-532,"$4,514,979.00"
533,Player-533,"$49,498,816.00"
534,Player-534,"$40,575,323.00"
535,Player-535,"$28,990,281.00"
536,Player-536,"$12,550,042.00"
537,Player-537,"$8,978,238.00"
538,Player-538,"$29,102,084.00"
539,Player-539,"$16,165,847.00"
540,Player-540,"$2,388,781.00"
541,Player-541,"$47,059,294.00"
542,Player-542,"$444,104.00"
543,Player-543,"$6,330,810.00"
544,Player-544,"$16,244,041.00"
545,Player-545,"$27,255,169.00"
546,Player-546,"$22,942,600.00"
547,Player-547,"$30,654,632.00"
548,Player-548,"$283,180.00"
549,Player-549,"$12,922,403.00"
550,Player-550,"$7,492,810.00"
551,Player-551,"$34,778,205.00"
552,Player-552,"$33,474,279.00"
553,Player-553,"$30,657,955.00"
554,Player-554,"$35,425,731.00"
555,Player-555,"$40,610,391.00"
556,Player-556,"$40,093,383.00"
557,Player-557,"$3,431,007.00"
558,Player-558,"$13,299,665.00"
559,Player-559,"$23,606,829.00"
560,Player-560,"$25,807,264.00"
561,Player-561,"$9,051,383.00"
562,Player-562,"$42,905,835.00"
563,Player-563,"$41,110,327.00"
564,Player-564,"$46,746,412.00"
565,Player-565,"$2,449,153.00"
566,Player-566,"$280,188.00"
567,Player-567,"$36,225,658.00"
568,Player-568,"$26,797,783.00"
569,Player-569,"$2,618,017.00"
570,Player-570,"$42,676,411.00"
571,Player-571,"$6,362,521.00"
572,Player-572,"$28,532,647.00"
573,Player-573,"$39,300,887.00"
574,Player-574,"$5,876,128.00"
575,Player-575,"$32,275,944.00"
576,Player-576,"$27,306,448.00"
577,Player-577,"$7,758,236.00"
578,Player-578,"$47,304,650.00"
579,Player-579,"$8,594,881.00"
580,Player-580,"$6,796,766.00"
581,Player-581,"$12,740,945.00"
582,Player-582,"$41,395,579.00"
583,Player-583,"$10,600,783.00"
584,Player-584,"$13,641,953.00"
585,Player-585,"$22,846,895.00"
586,Player-586,"$16,848,341.00"
587,Player-587,"$41,652,809.00"
588,Player-588,"$9,364,515.00"
589,Player-589,"$9,587,185.00"
590,Player-590,"$14,687,559.00"
591,Player-591,"$33,065,368.00"
592,Player-592,"$9,998,832.00"
593,Player-593,"$1,498,747.00"
594,Player-594,"$36,130,421.00"
595,Player-595,"$40,400,793.00"
596,Player-596,"$12,224,547.00"
597,Player-597,"$39,812,918.00"
598,Player-598,"$13,858,276.00"
599,Player-599,"$9,275,006.00"
600,Player-600,"$33,834,615.00"
601,Player-601,"$47,715,956.00"
602,Player-602,"$17,494,959.00"
603,Player-603,"$1,609,024.00"
604,Player-604,"$18,019,901.00"
605,Player-605,"$24,675,224.00"
606,Player-606,"$35,606,633.00"
607,Player-607,"$49,172,632.00"
608,Player-608,"$10,373,981.00"
609,Player-609,"$31,580,047.00"
610,Player-610,"$19,558,030.00"
611,Player-611,"$45,284,809.00"
612,Player-612,"$36,494,433.00"
613,Player-613,"$3,725,503.00"
614,Player-614,"$30,212,944.00"
615,Player-615,"$25,324,376.00"
616,Player-616,"$600,918.00"
617,Player-617,"$16,927,399.00"
618,Player-618,"$48,207,741.00"
619,Player-619,"$37,718,391.00"
620,Player-620,"$30,379,350.00"
621,Player-621,"$38,171,719.00"
622,Player-622,"$22,621,363.00"
623,Player-623,"$20,552,233.00"
624,Player-624,"$1,762,501.00"
625,Player-625,"$18,779,869.00"
626,Player-626,"$31,249,474.00"
627,Player-627,"$2,836,608.00"
628,Player-628,"$26,153,451.00"
629,Player-629,"$38,494,218.00"
630,Player-630,"$20,737,389.00"
631,Player-631,"$18,440,599.00"
632,Player-632,"$9,337,292.00"
633,Player-633,"$20,161,996.00"
634,Player-634,"$12,553,666.00"
635,Player-635,"$31,795,001.00"
636,Player-636,"$17,246,531.00"
637,Player-637,"$48,521,718.00"
638,Player-638,"$38,701,503.00"
639,Player-639,"$33,409,646.00"
640,Player-640,"$5,674,827.00"
641,Player-641,"$39,238,540.00"
642,Player-642,"$37,157,859.00"
643,Player-643,"$28,541,020.00"
644,Player-644,"$34,974,013.00"
645,Player-645,"$15,738,539.00"
646,Player-646,"$533,792.00"
647,Player-647,"$31,208,649.00"
648,Player-648,"$17,626,199.00"
649,Player-649,"$37,081,683.00"
650,Player-650,"$32,339,314.00"
651,Player-651,"$41,180,598.00"
652,Player-652,"$45,716,726.00"
653,Player-653,"$13,206,363.00"
654,Player-654,"$1,461,575.00"
655,Player-655,"$47,963,835.00"
656,Player-656,"$35,881,189.00"
657,Player-657,"$32,448,485.00"
658,Player-658,"$45,920,603.00"
659,Player-659,"$26,158,256.00"
660,Player-660,"$11,829,425.00"
661,Player-661,"$1,328,454.00"
662,Player-662,"$34,960,090.00"
663,Player-663,"$19,162,251.00"
664,Player-664,"$3,515,122.00"
665,Player-665,"$35,844,254.00"
666,Player-666,"$13,914,219.00"
667,Player-667,"$24,062,400.00"
668,Player-668,"$36,849,805.00"
669,Player-669,"$19,758,362.00"
670,Player-670,"$29,466,046.00"
671,Player-671,"$879,282.00"
672,Player-672,"$41,082,335.00"
673,Player-673,"$18,809,214.00"
674,Player-674,"$38,346,430.00"
675,Player-675,"$32,610,921.00"
676,Player-676,"$17,094,967.00"
677,Player-677,"$27,324,075.00"
678,Player-678,"$43,330,162.00"
679,Player-679,"$9,490,998.00"
680,Player-680,"$4,296,812.00"
681,Player-681,"$13,715,098.00"
682,Player-682,"$42,716,174.00"
683,Player-683,"$31,853,090.00"
684,Player-684,"$40,271,188.00"
685,Player-685,"$8,477,219.00"
686,Player-686,"$2,580,683.00"
687,Player-687,"$35,285,880.00"
688,Player-688,"$47,043,651.00"
689,Player-689,"$26,327,724.00"
690,Player-690,"$10,552,577.00"
691,Player-691,"$10,051,839.00"
692,Player-692,"$41,467,853.00"
693,Player-693,"$22,933,240.00"
694,Player-694,"$8,400,908.00"
695,Player-695,"$31,128,595.00"
696,Player-696,"$813,806.00"
697,Player-697,"$18,469,337.00"
698,Player-698,"$9,203,213.00"
699,Player-699,"$40,846,737.00"
700,Player-700,"$27,913,649.00"
701,Player-701,"$29,302,103.00"
702,Player-702,"$9,449,702.00"
703,Player-703,"$25,682,876.00"
704,Player-704,"$27,243,717.00"
705,Player-705,"$39,214,466.00"
706,Player-706,"$47,694,402.00"
707,Player-707,"$9,761,261.00"
708,Player-708,"$11,170,405.00"
709,Player-709,"$1,898,723.00"
710,Player-710,"$24,882,946.00"
711,Player-711,"$9,409,667.00"
712,Player-712,"$36,813,425.00"
713,Player-713,"$42,256,419.00"
714,Player-714,"$44,644,546.00"
715,Player-715,"$13,874,815.00"
716,Player-716,"$13,254,442.00"
717,Player-717,"$16,397,836.00"
718,Player-718,"$21,722,976.00"
719,Player-719,"$3,216,004.00"
720,Player-720,"$2,615,923.00"
721,Player-721,"$9,279,959.00"
722,Player-722,"$10,623,634.00"
723,Player-723,"$6,909,886.00"
724,Player-724,"$32,814,291.00"
725,Player-725,"$44,359,218.00"
726,Player-726,"$6,863,483.00"
727,Player-727,"$19,573,020.00"
728,Player-728,"$32,746,958.00"
729,Player-729,"$3,696,747.00"
730,Player-730,"$568,602.00"
731,Player-731,"$31,979,825.00"
732,Player-732,"$30,850,546.00"
733,Player-733,"$20,863,658.00"
734,Player-734,"$22,015,435.00"
735,Player-735,"$27,572,258.00"
736,Player-736,"$5,135,964.00"
737,Player-737,"$17,109,696.00"
738,Player-738,"$28,498,769.00"
739,Player-739,"$745,010.00"
740,Player-740,"$3,737,983.00"
741,Player-741,"$28,540,523.00"
742,Player-742,"$39,483,392.00"
743,Player-743,"$6,290,265.00"
744,Player-744,"$5,467,462.00"
745,Player-745,"$21,192,464.00"
746,Player-746,"$4,382,664.00"
747,Player-747,"$20,730,940.00"
748,Player-748,"$42,881,452.00"
749,Player-749,"$21,647,183.00"
750,Player-750,"$2,255,642.00"
751,Player-751,"$20,625,890.00"
752,Player-752,"$30,448,784.00"
753,Player-753,"$13,103,684.00"
754,Player-754,"$47,524,304.00"
755,Player-755,"$23,773,456.00"
756,Player-756,"$24,931,705.00"
757,Player-757,"$710,535.00"
758,Player-758,"$3,463,643.00"
759,Player-759,"$36,883,526.00"
760,Player-760,"$9,515,989.00"
761,Player-761,"$23,206,001.00"
762,Player-762,"$8,280,354.00"
763,Player-763,"$39,335,322.00"
764,Player-764,"$48,681,840.00"
765,Player-765,"$9,866,250.00"
766,Player-766,"$43,840,477.00"
767,Player-767,"$8,073,192.00"
768,Player-768,"$12,220,155.00"
769,Player-769,"$17,989,720.00"
770,Player-770,"$46,018,382.00"
771,Player-771,"$12,226,477.00"
772,Player-772,"$7,970,408.00"
773,Player-773,"$10,637,814.00"
774,Player-774,"$33,226,101.00"
775,Player-775,"$13,438,134.00"
776,Player-776,"$20,528,693.00"
777,Player-777,"$39,101,214.00"
778,Player-778,"$32,800,502.00"
779,Player-779,"$7,108,156.00"
780,Player-780,"$24,244,908.00"
781,Player-781,"$28,964,784.00"
782,Player-782,"$40,293,121.00"
783,Player-783,"$3,868,099.00"
784,Player-784,"$18,339,254.00"
785,Player-785,"$45,900,718.00"
786,Player-786,"$34,533,661.00"
787,Player-787,"$36,007,651.00"
788,Player-788,"$385,130.00"
789,Player-789,"$32,119,724.00"
790,Player-790,"$7,372,150.00"
791,Player-791,"$45,257,429.00"
792,Player-792,"$26,686,276.00"
793,Player-793,"$27,628,159.00"
794,Player-794,"$36,555,197.00"
795,Player-795,"$13,168,330.00"
796,Player-796,"$30,847,815.00"
797,Player-797,"$33,906,604.00"
798,Player-798,"$4,739,007.00"
799,Player-799,"$49,801,162.00"
800,Player-800,"$11,230,165.00"
801,Player-801,"$48,851,953.00"
802,Player-802,"$38,681,887.00"
803,Player-803,"$29,447,967.00"
804,Player-804,"$8,986,310.00"
805,Player-805,"$37,128,076.00"
806,Player-806,"$11,803,584.00"
807,Player-807,"$8,023,497.00"
808,Player-808,"$12,215,800.00"
809,Player-809,"$32,382,695.00"
810,Player-810,"$19,519,535.00"
811,Player-811,"$43,298,428.00"
812,Player-812,"$49,111,806.00"
813,Player-813,"$16,404,692.00"
814,Player-814,"$18,552,910.00"
815,Player-815,"$45,598,611.00"
816,Player-816,"$41,307,034.00"
817,Player-817,"$22,452,015.00"
818,Player-818,"$22,532,926.00"
819,Player-819,"$25,788,467.00"
820,Player-820,"$4,894,107.00"
821,Player-821,"$2,998,938.00"
822,Player-822,"$34,641,558.00"
823,Player-823,"$36,869,488.00"
824,Player-824,"$22,063,865.00"
825,Player-825,"$28,653,552.00"
826,Player-826,"$47,504,126.00"
827,Player-827,"$39,411,705.00"
828,Player-828,"$49,379,656.00"
829,Player-829,"$27,512,360.00"
830,Player-830,"$48,414,540.00"
831,Player-831,"$45,798,882.00"
832,Player-832,"$23,260,404.00"
833,Player-833,"$46,867,608.00"
834,Player-834,"$48,265,138.00"
835,Player-835,"$29,062,310.00"
836,Player-836,"$12,907,803.00"
837,Player-837,"$30,282,308.00"
838,Player-838,"$3,536,377.00"
839,Player-839,"$35,061,926.00"
840,Player-840,"$3,648,593.00"
841,Player-841,"$36,149,762.00"
842,Player-842,"$43,210,961.00"
843,Player-843,"$41,187,928.00"
844,Player-844,"$23,843,470.00"
845,Player-845,"$1,365,401.00"
846,Player-846,"$46,875,611.00"
847,Player-847,"$37,663,068.00"
848,Player-848,"$19,517,952.00"
849,Player-849,"$9,161,486.00"
850,Player-850,"$43,686,415.00"
851,Player-851,"$17,466,355.00"
852,Player-852,"$14,437,937.00"
853,Player-853,"$48,581,849.00"
854,Player-854,"$30,652,871.00"
855,Player-855,"$46,886,024.00"
856,Player-856,"$17,055,106.00"
857,Player-857,"$22,246,313.00"
858,Player-858,"$17,251,086.00"
859,Player-859,"$30,582,072.00"
860,Player-860,"$26,147,610.00"
861,Player-861,"$33,571,271.00"
862,Player-862,"$25,140,088.00"
863,Player-863,"$41,580,136.00"
864,Player-864,"$3,087,796.00"
865,Player-865,"$31,737,372.00"
866,Player-866,"$49,470,437.00"
867,Player-867,"$45,015,749.00"
868,Player-868,"$4,526,869.00"
869,Player-869,"$641,155.00"
870,Player-870,"$17,434,403.00"
871,Player-871,"$24,933,705.00"
872,Player-872,"$37,184,090.00"
873,Player-873,"$37,749,118.00"
874,Player-874,"$17,178,446.00"
875,Player-875,"$21,335,523.00"
876,Player-876,"$35,687,296.00"
877,Player-877,"$32,911,210.00"
878,Player-878,"$10,411,359.00"
879,Player-879,"$4,294,414.00"
880,Player-880,"$1,406,739.00"
881,Player-881,"$13,154,515.00"
882,Player-882,"$13,682,282.00"
883,Player-883,"$27,359,750.00"
884,Player-884,"$21,179,628.00"
885,Player-885,"$18,197,136.00"
886,Player-886,"$21,213,319.00"
887,Player-887,"$33,487,183.00"
888,Player-888,"$32,367,679.00"
889,Player-889,"$27,900,299.00"
890,Player-890,"$21,772,622.00"
891,Player-891,"$20,338,995.00"
892,Player-892,"$28,639,510.00"
893,Player-893,"$10,218,925.00"
894,Player-894,"$45,302,921.00"
895,Player-895,"$28,639,319.00"
896,Player-896,"$35,061,983.00"
897,Player-897,"$20,705,529.00"
898,Player-898,"$28,498,281.00"
899,Player-899,"$37,472,780.00"
900,Player-900,"$33,535,133.00"
901,Player-901,"$42,710,831.00"
902,Player-902,"$1,728,263.00"
903,Player-903,"$39,543,450.00"
904,Player-904,"$1,361,146.00"
905,Player-905,"$29,027,936.00"
906,Player-906,"$47,698,796.00"
907,Player-907,"$42,949,792.00"
908,Player-908,"$19,864,531.00"
909,Player-909,"$16,651,391.00"
910,Player-910,"$20,772,975.00"
911,Player-911,"$22,879,056.00"
912,Player-912,"$27,282,307.00"
913,Player-913,"$30,468,850.00"
914,Player-914,"$1,357,297.00"
915,Player-915,"$17,597,876.00"
916,Player-916,"$35,292,244.00"
917,Player-917,"$3,405,003.00"
918,Player-918,"$16,414,611.00"
919,Player-919,"$46,431,105.00"
920,Player-920,"$22,762,069.00"
921,Player-921,"$21,980,563.00"
922,Player-922,"$30,099,712.00"
923,Player-923,"$18,556,965.00"
924,Player-924,"$39,607,315.00"
925,Player-925,"$10,127,348.00"
926,Player-926,"$35,016,879.00"
927,Player-927,"$2,188,841.00"
928,Player-928,"$38,134,238.00"
929,Player-929,"$14,770,659.00"
930,Player-930,"$32,842,818.00"
931,Player-931,"$17,693,849.00"
932,Player-932,"$44,937,619.00"
933,Player-933,"$4,214,133.00"
934,Player-934,"$11,346,120.00"
935,Player-935,"$48,098,332.00"
936,Player-936,"$10,097,638.00"
937,Player-937,"$48,644,061.00"
938,Player-938,"$8,516,187.00"
939,Player-939,"$25,643,289.00"
940,Player-940,"$49,175,020.00"
941,Player-941,"$4,494,416.00"
942,Player-942,"$5,953,779.00"
943,Player-943,"$19,521,142.00"
944,Player-944,"$43,691,595.00"
945,Player-945,"$45,935,648.00"
946,Player-946,"$3,619,596.00"
947,Player-947,"$36,799,553.00"
948,Player-948,"$27,099,951.00"
949,Player-949,"$43,541,677.00"
950,Player-950,"$34,545,294.00"
951,Player-951,"$27,278,721.00"
952,Player-952,"$37,544,881.00"
953,Player-953,"$22,218,815.00"
954,Player-954,"$45,456,426.00"
955,Player-955,"$23,887,182.00"
956,Player-956,"$42,778,581.00"
957,Player-957,"$49,989,555.00"
958,Player-958,"$11,142,674.00"
959,Player-959,"$14,644,007.00"
960,Player-960,"$24,235,673.00"
961,Player-961,"$44,848,174.00"
962,Player-962,"$6,600,891.00"
963,Player-963,"$17,601,233.00"
964,Player-964,"$7,311,965.00"
965,Player-965,"$40,175,470.00"
966,Player-966,"$5,513,536.00"
967,Player-967,"$36,225,200.00"
968,Player-968,"$9,175,417.00"
969,Player-969,"$45,225,881.00"
970,Player-970,"$13,119,371.00"
971,Player-971,"$42,756,369.00"
972,Player-972,"$37,416,332.00"
973,Player-973,"$37,509,741.00"
974,Player-974,"$28,778,767.00"
975,Player-975,"$27,224,732.00"
976,Player-976,"$26,576,230.00"
977,Player-977,"$9,240,164.00"
978,Player-978,"$17,271,704.00"
979,Player-979,"$31,030,816.00"
980,Player-980,"$41,743,006.00"
981,Player-981,"$8,166,175.00"
982,Player-982,"$2,283,106.00"
983,Player-983,"$43,189,264.00"
984,Player-984,"$5,092,659.00"
985,Player-985,"$11,462,426.00"
986,Player-986,"$15,047,811.00"
987,Player-987,"$10,953,564.00"
988,Player-988,"$19,040,534.00"
989,Player-989,"$6,901,550.00"
990,Player-990,"$30,970,987.00"
991,Player-991,"$49,398,448.00"
992,Player-992,"$42,474,299.00"
993,Player-993,"$39,964,881.00"
994,Player-994,"$28,231,652.00"
995,Player-995,"$33,670,675.00"
996,Player-996,"$46,023,056.00"
997,Player-997,"$19,211,999.00"
998,Player-998,"$19,738,089.00"
999,Player-999,"$48,551,897.00"
1000,Player-1000,"$17,972,376.00"
1001,Player-1001,"$18,705,251.00"
1002,Player-1002,"$44,113,733.00"
1003,Player-1003,"$48,688,227.00"
1004,Player-1004,"$39,759,573.00"
1005,Player-1005,"$25,818,229.00"
1006,Player-1006,"$36,164,441.00"
1007,Player-1007,"$23,960,447.00"
1008,Player-1008,"$32,991,326.00"
1009,Player-1009,"$42,811,625.00"
1010,Player-1010,"$15,060,358.00"
1011,Player-1011,"$17,249,116.00"
1012,Player-1012,"$27,831,849.00"
1013,Player-1013,"$47,540,655.00"
1014,Player-1014,"$2,652,415.00"
1015,Player-1015,"$27,721,089.00"
1016,Player-1016,"$9,137,681.00"
1017,Player-1017,"$39,365,006.00"
1018,Player-1018,"$43,330,128.00"
1019,Player-1019,"$41,341,664.00"
1020,Player-1020,"$2,383,358.00"
1021,Player-1021,"$49,458,296.00"
1022,Player-1022,"$47,692,792.00"
1023,Player-1023,"$19,741,583.00"
1024,Player-1024,"$12,827,685.00"
1025,Player-1025,"$32,891,955.00"
1026,Player-1026,"$31,357,021.00"
1027,Player-1027,"$5,874,318.00"
1028,Player-1028,"$11,800,899.00"
1029,Player-1029,"$14,948,491.00"
1030,Player-1030,"$1,460,558.00"
1031,Player-1031,"$28,820,602.00"
1032,Player-1032,"$20,174,986.00"
1033,Player-1033,"$11,327,123.00"
1034,Player-1034,"$3,020,976.00"
1035,Player-1035,"$22,144,154.00"
1036,Player-1036,"$42,134,892.00"
1037,Player-1037,"$18,904,848.00"
1038,Player-1038,"$44,118,360.00"
1039,Player-1039,"$35,804,359.00"
1040,Player-1040,"$225,936.00"
1041,Player-1041,"$36,692,789.00"
1042,Player-1042,"$44,825,344.00"
1043,Player-1043,"$15,715,727.00"
1044,Player-1044,"$40,321,132.00"
1045,Player-1045,"$32,562,533.00"
1046,Player-1046,"$13,088,732.00"
1047,Player-1047,"$32,377,865.00"
1048,Player-1048,"$30,967,110.00"
1049,Player-1049,"$37,908,543.00"
1050,Player-1050,"$25,630,185.00"
1051,Player-1051,"$38,320,797.00"
1052,Player-1052,"$44,305,714.00"
1053,Player-1053,"$2,965,239.00"
1054,Player-1054,"$18,340,011.00"
1055,Player-1055,"$11,474,815.00"
1056,Player-1056,"$33,158,847.00"
1057,Player-1057,"$7,138,871.00"
1058,Player-1058,"$44,567,019.00"
1059,Player-1059,"$12,797,468.00"
1060,Player-1060,"$9,306,010.00"
1061,Player-1061,"$24,734,281.00"
1062,Player-1062,"$35,837,084.00"
1063,Player-1063,"$45,983,335.00"
1064,Player-1064,"$15,677,038.00"
1065,Player-1065,"$35,369,817.00"
1066,Player-1066,"$16,680,416.00"
1067,Player-1067,"$41,734,697.00"
1068,Player-1068,"$30,195,368.00"
1069,Player-1069,"$5,120,671.00"
1070,Player-1070,"$26,369,286.00"
1071,Player-1071,"$6,194,896.00"
1072,Player-1072,"$47,246,833.00"
1073,Player-1073,"$48,332,244.00"
1074,Player-1074,"$3,541,490.00"
1075,Player-1075,"$47,077,155.00"
1076,Player-1076,"$33,140,791.00"
1077,Player-1077,"$34,420,084.00"
1078,Player-1078,"$47,245,683.00"
1079,Player-1079,"$48,703,769.00"
1080,Player-1080,"$35,355,457.00"
1081,Player-1081,"$31,941,830.00"
1082,Player-1082,"$35,204,128.00"
1083,Player-1083,"$41,478,481.00"
1084,Player-1084,"$11,568,988.00"
1085,Player-1085,"$33,334,331.00"
1086,Player-1086,"$28,388,879.00"
1087,Player-1087,"$21,219,941.00"
1088,Player-1088,"$13,614,185.00"
1089,Player-1089,"$43,587,192.00"
1090,Player-1090,"$4,534,582.00"
1091,Player-1091,"$46,174,451.00"
1092,Player-1092,"$24,974,296.00"
1093,Player-1093,"$21,899,632.00"
1094,Player-1094,"$23,009,591.00"
1095,Player-1095,"$31,427,507.00"
1096,Player-1096,"$14,407,934.00"
1097,Player-1097,"$11,915,147.00"
1098,Player-1098,"$15,826,885.00"
1099,Player-1099,"$38,713,659.00"
1100,Player-1100,"$41,638,974.00"
1101,Player-1101,"$15,496,068.00"
1102,Player-1102,"$13,539,411.00"
1103,Player-1103,"$30,336,584.00"
1104,Player-1104,"$19,957,046.00"
1105,Player-1105,"$48,698,272.00"
1106,Player-1106,"$779,573.00"
1107,Player-1107,"$33,430,191.00"
1108,Player-1108,"$501,707.00"
1109,Player-1109,"$26,688,671.00"
1110,Player-1110,"$41,892,692.00"
1111,Player-1111,"$21,603,458.00"
1112,Player-1112,"$29,887,281.00"
1113,Player-1113,"$14,803,663.00"
1114,Player-1114,"$13,410,449.00"
1115,Player-1115,"$16,975,459.00"
1116,Player-1116,"$25,767,835.00"
1117,Player-1117,"$7,197,153.00"
1118,Player-1118,"$10,226,867.00"
1119,Player-1119,"$7,446,819.00"
1120,Player-1120,"$32,290,676.00"
1121,Player-1121,"$10,211,445.00"
1122,Player-1122,"$27,208,600.00"
1123,Player-1123,"$30,872,931.00"
1124,Player-1124,"$42,322,950.00"
1125,Player-1125,"$7,719,724.00"
1126,Player-1126,"$43,537,345.00"
1127,Player-1127,"$23,334,417.00"
1128,Player-1128,"$40,629,297.00"
1129,Player-1129,"$18,805,887.00"
1130,Player-1130,"$15,026,959.00"
1131,Player-1131,"$38,728,009.00"
1132,Player-1132,"$16,786,256.00"
1133,Player-1133,"$1,847,214.00"
1134,Player-1134,"$30,390,218.00"
1135,Player-1135,"$49,585,349.00"
1136,Player-1136,"$29,901,657.00"
1137,Player-1137,"$21,945,559.00"
1138,Player-1138,"$22,031,525.00"
1139,Player-1139,"$46,057,856.00"
1140,Player-1140,"$42,952,185.00"
1141,Player-1141,"$42,433,241.00"
1142,Player-1142,"$24,791,244.00"
1143,Player-1143,"$30,786,587.00"
1144,Player-1144,"$15,633,511.00"
1145,Player-1145,"$24,210,905.00"
1146,Player-1146,"$5,486,927.00"
1147,Player-1147,"$39,415,389.00"
1148,Player-1148,"$11,284,218.00"
1149,Player-1149,"$49,267,700.00"
1150,Player-1150,"$27,770,025.00"
1151,Player-1151,"$1,753,171.00"
1152,Player-1152,"$7,240,747.00"
1153,Player-1153,"$47,903,384.00"
1154,Player-1154,"$26,517,456.00"
1155,Player-1155,"$6,213,072.00"
1156,Player-1156,"$37,272,561.00"
1157,Player-1157,"$26,083,424.00"
1158,Player-1158,"$37,664,393.00"
1159,Player-1159,"$14,808,997.00"
1160,Player-1160,"$9,939,376.00"
1161,Player-1161,"$43,178,981.00"
1162,Player-1162,"$805,528.00"
1163,Player-1163,"$29,684,785.00"
1164,Player-1164,"$26,356,878.00"
1165,Player-1165,"$14,357,351.00"
1166,Player-1166,"$17,940,049.00"
1167,Player-1167,"$11,043,524.00"
1168,Player-1168,"$20,136,882.00"
1169,Player-1169,"$49,805,807.00"
1170,Player-1170,"$28,693,089.00"
1171,Player-1171,"$26,505,360.00"
1172,Player-1172,"$21,214,003.00"
1173,Player-1173,"$42,008,774.00"
1174,Player-1174,"$17,740,283.00"
1175,Player-1175,"$8,656,291.00"
1176,Player-1176,"$32,393,592.00"
1177,Player-1177,"$8,541,997.00"
1178,Player-1178,"$6,569,000.00"
1179,Player-1179,"$3,704,043.00"
1180,Player-1180,"$31,757,808.00"
1181,Player-1181,"$574,783.00"
1182,Player-1182,"$29,852,510.00"
1183,Player-1183,"$23,018,225.00"
1184,Player-1184,"$40,009,023.00"
1185,Player-1185,"$34,153,936.00"
1186,Player-1186,"$9,039,181.00"
1187,Player-1187,"$46,220,837.00"
1188,Player-1188,"$24,938,881.00"
1189,Player-1189,"$15,251,995.00"
1190,Player-1190,"$37,534,889.00"
1191,Player-1191,"$3,017,498.00"
1192,Player-1192,"$33,336,037.00"
1193,Player-1193,"$34,280,741.00"
1194,Player-1194,"$45,478,967.00"
1195,Player-1195,"$24,071,192.00"
1196,Player-1196,"$14,291,404.00"
1197,Player-1197,"$6,348,184.00"
1198,Player-1198,"$47,186,342.00"
1199,Player-1199,"$26,726,806.00"
1200,Player-1200,"$14,601,277.00"
1201,Player-1201,"$48,578,509.00"
1202,Player-1202,"$18,568,100.00"
1203,Player-1203,"$30,395,412.00"
1204,Player-1204,"$26,903,336.00"
1205,Player-1205,"$26,480,566.00"
1206,Player-1206,"$48,615,998.00"
1207,Player-1207,"$9,419,075.00"
1208,Player-1208,"$7,516,100.00"
1209,Player-1209,"$9,812,195.00"
1210,Player-1210,"$37,111,363.00"
1211,Player-1211,"$3,760,051.00"
1212,Player-1212,"$17,611,847.00"
1213,Player-1213,"$30,021,845.00"
1214,Player-1214,"$26,662,611.00"
1215,Player-1215,"$5,444,380.00"
1216,Player-1216,"$46,804,394.00"
1217,Player-1217,"$32,487,987.00"
1218,Player-1218,"$11,104,598.00"
1219,Player-1219,"$26,825,081.00"
1220,Player-1220,"$48,815,214.00"
1221,Player-1221,"$22,157,471.00"
1222,Player-1222,"$13,946,926.00"
1223,Player-1223,"$27,892,061.00"
1224,Player-1224,"$20,876,283.00"
1225,Player-1225,"$7,349,085.00"
1226,Player-1226,"$44,589,730.00"
1227,Player-1227,"$1,856,569.00"
1228,Player-1228,"$49,214,687.00"
1229,Player-1229,"$40,417,737.00"
1230,Player-1230,"$18,118,913.00"
1231,Player-1231,"$18,287,337.00"
1232,Player-1232,"$49,298,050.00"
1233,Player-1233,"$6,598,151.00"
1234,Player-1234,"$5,143,600.00"
1235,Player-1235,"$6,769,356.00"
1236,Player-1236,"$26,559,302.00"
1237,Player-1237,"$11,952,461.00"
1238,Player-1238,"$43,705,587.00"
1239,Player-1239,"$46,650,407.00"
1240,Player-1240,"$15,698,235.00"
1241,Player-1241,"$5,037,435.00"
1242,Player-1242,"$7,848,687.00"
1243,Player-1243,"$24,769,278.00"
1244,Player-1244,"$36,862,231.00"
1245,Player-1245,"$15,165,819.00"
1246,Player-1246,"$1,256,830.00"
1247,Player-1247,"$42,100,023.00"
1248,Player-1248,"$31,079,514.00"
1249,Player-1249,"$34,460,837.00"
1250,Player-1250,"$10,956,891.00"
1251,Player-1251,"$41,022,956.00"
1252,Player-1252,"$39,439,334.00"
1253,Player-1253,"$47,475,642.00"
1254,Player-1254,"$19,922,176.00"
1255,Player-1255,"$21,329,871.00"
1256,Player-1256,"$22,305,704.00"
1257,Player-1257,"$17,283,689.00"
1258,Player-1258,"$9,188,096.00"
1259,Player-1259,"$25,689,728.00"
1260,Player-1260,"$15,643,678.00"
1261,Player-1261,"$18,529,644.00"
1262,Player-1262,"$19,589,067.00"
1263,Player-1263,"$39,681,099.00"
1264,Player-1264,"$45,307,783.00"
1265,Player-1265,"$23,928,690.00"
1266,Player-1266,"$15,215,281.00"
1267,Player-1267,"$634,911.00"
1268,Player-1268,"$21,956,945.00"
1269,Player-1269,"$19,904,871.00"
1270,Player-1270,"$27,673,686.00"
1271,Player-1271,"$31,904,922.00"
1272,Player-1272,"$17,953,533.00"
1273,Player-1273,"$16,787,103.00"
1274,Player-1274,"$22,171,912.00"
1275,Player-1275,"$1,208,990.00"
1276,Player-1276,"$4,659,472.00"
1277,Player-1277,"$17,596,482.00"
1278,Player-1278,"$21,772,306.00"
1279,Player-1279,"$17,853,084.00"
1280,Player-1280,"$28,795,505.00"
1281,Player-1281,"$976,853.00"
1282,Player-1282,"$1,024,241.00"
1283,Player-1283,"$47,693,303.00"
1284,Player-1284,"$27,134,248.00"
1285,Player-1285,"$44,348,912.00"
1286,Player-1286,"$43,589,397.00"
1287,Player-1287,"$36,847,411.00"
1288,Player-1288,"$11,445,703.00"
1289,Player-1289,"$5,412,935.00"
1290,Player-1290,"$25,205,426.00"
1291,Player-1291,"$1,301,604.00"
1292,Player-1292,"$45,202,371.00"
1293,Player-1293,"$10,856,818.00"
1294,Player-1294,"$28,370,250.00"
1295,Player-1295,"$46,946,081.00"
1296,Player-1296,"$29,136,417.00"
1297,Player-1297,"$25,714,136.00"
1298,Player-1298,"$24,240,138.00"
1299,Player-1299,"$17,758,989.00"
1300,Player-1300,"$46,486,619.00"
1301,Player-1301,"$15,777,500.00"
1302,Player-1302,"$17,953,999.00"
1303,Player-1303,"$20,162,558.00"
1304,Player-1304,"$6,793,951.00"
1305,Player-1305,"$27,386,653.00"
1306,Player-1306,"$9,262,221.00"
1307,Player-1307,"$31,267,290.00"
1308,Player-1308,"$23,285,269.00"
1309,Player-1309,"$16,409,235.00"
1310,Player-1310,"$22,860,384.00"
1311,Player-1311,"$20,614,074.00"
1312,Player-1312,"$6,189,424.00"
1313,Player-1313,"$36,983,602.00"
1314,Player-1314,"$41,759,217.00"
1315,Player-1315,"$43,296,734.00"
1316,Player-1316,"$40,328,003.00"
1317,Player-1317,"$2,917,228.00"
1318,Player-1318,"$21,709,045.00"
1319,Player-1319,"$40,392,916.00"
1320,Player-1320,"$28,376,698.00"
1321,Player-1321,"$20,394,425.00"
1322,Player-1322,"$28,438,863.00"
1323,Player-1323,"$297,172.00"
1324,Player-1324,"$1,484,934.00"
1325,Player-1325,"$43,467,237.00"
1326,Player-1326,"$10,630,959.00"
1327,Player-1327,"$2,112,062.00"
1328,Player-1328,"$21,091,563.00"
1329,Player-1329,"$26,898,981.00"
1330,Player-1330,"$28,849,630.00"
1331,Player-1331,"$21,371,741.00"
1332,Player-1332,"$30,236,490.00"
1333,Player-1333,"$47,530,065.00"
1334,Player-1334,"$31,503,962.00"
1335,Player-1335,"$2,952,267.00"
1336,Player-1336,"$29,421,037.00"
1337,Player-1337,"$46,923,851.00"
1338,Player-1338,"$19,349,415.00"
1339,Player-1339,"$9,153,419.00"
1340,Player-1340,"$33,845,257.00"
1341,Player-1341,"$5,072,130.00"
1342,Player-1342,"$4,758,145.00"
1343,Player-1343,"$29,244,115.00"
1344,Player-1344,"$47,517,224.00"
1345,Player-1345,"$10,891,515.00"
1346,Player-1346,"$45,919,610.00"
1347,Player-1347,"$22,918,332.00"
1348,Player-1348,"$9,318,794.00"
1349,Player-1349,"$41,858,642.00"
1350,Player-1350,"$25,790,405.00"
1351,Player-1351,"$26,273,426.00"
1352,Player-1352,"$17,930,830.00"
1353,Player-1353,"$44,486,434.00"
1354,Player-1354,"$27,646,538.00"
1355,Player-1355,"$30,994,321.00"
1356,Player-1356,"$20,593,475.00"
1357,Player-1357,"$903,371.00"
1358,Player-1358,"$35,892,850.00"
1359,Player-1359,"$29,439,298.00"
1360,Player-1360,"$24,906,940.00"
1361,Player-1361,"$19,004,860.00"
1362,Player-1362,"$21,783,237.00"
1363,Player-1363,"$29,175,696.00"
1364,Player-1364,"$8,805,296.00"
1365,Player-1365,"$4,848,942.00"
1366,Player-1366,"$18,445,618.00"
1367,Player-1367,"$5,044,243.00"
1368,Player-1368,"$45,044,539.00"
1369,Player-1369,"$27,511,360.00"
1370,Player-1370,"$30,156,311.00"
1371,Player-1371,"$36,456,186.00"
1372,Player-1372,"$7,521,553.00"
1373,Player-1373,"$33,009,959.00"
1374,Player-1374,"$37,743,834.00"
1375,Player-1375,"$36,012,003.00"
1376,Player-1376,"$25,906,870.00"
1377,Player-1377,"$19,840,343.00"
1378,Player-1378,"$25,711,574.00"
1379,Player-1379,"$12,941,342.00"
1380,Player-1380,"$22,737,266.00"
1381,Player-1381,"$8,647,397.00"
1382,Player-1382,"$32,474,066.00"
1383,Player-1383,"$26,177,804.00"
1384,Player-1384,"$24,409,400.00"
1385,Player-1385,"$34,830,932.00"
1386,Player-1386,"$3,259,778.00"
1387,Player-1387,"$1,021,707.00"
1388,Player-1388,"$24,659,602.00"
1389,Player-1389,"$24,415,830.00"
1390,Player-1390,"$11,173,702.00"
1391,Player-1391,"$42,766,937.00"
1392,Player-1392,"$14,629,548.00"
1393,Player-1393,"$45,922,098.00"
1394,Player-1394,"$14,518,142.00"
1395,Player-1395,"$15,475,150.00"
1396,Player-1396,"$22,349,563.00"
1397,Player-1397,"$31,489,968.00"
1398,Player-1398,"$24,003,311.00"
1399,Player-1399,"$19,232,874.00"
1400,Player-1400,"$27,982,604.00"
1401,Player-1401,"$20,390,937.00"
1402,Player-1402,"$49,335,369.00"
1403,Player-1403,"$8,312,039.00"
1404,Player-1404,"$34,602,356.00"
1405,Player-1405,"$40,224,934.00"
1406,Player-1406,"$41,451,934.00"
1407,Player-1407,"$26,215,442.00"
1408,Player-1408,"$30,541,460.00"
1409,Player-1409,"$44,426,445.00"
1410,Player-1410,"$8,906,829.00"
1411,Player-1411,"$47,095,536.00"
1412,Player-1412,"$40,059,351.00"
1413,Player-1413,"$2,675,367.00"
1414,Player-1414,"$28,022,527.00"
1415,Player-1415,"$47,597,122.00"
1416,Player-1416,"$46,033,090.00"
1417,Player-1417,"$948,454.00"
1418,Player-1418,"$4,639,701.00"
1419,Player-1419,"$40,971,516.00"
1420,Player-1420,"$5,362,518.00"
1421,Player-1421,"$32,745,813.00"
1422,Player-1422,"$3,421,140.00"
1423,Player-1423,"$11,860,050.00"
1424,Player-1424,"$49,155,830.00"
1425,Player-1425,"$12,647,348.00"
1426,Player-1426,"$8,237,939.00"
1427,Player-1427,"$18,597,733.00"
1428,Player-1428,"$4,147,321.00"
1429,Player-1429,"$15,341,076.00"
1430,Player-1430,"$14,817,543.00"
1431,Player-1431,"$41,605,732.00"
1432,Player-1432,"$11,474,400.00"
1433,Player-1433,"$34,831,745.00"
1434,Player-1434,"$1,742,204.00"
1435,Player-1435,"$16,086,867.00"
1436,Player-1436,"$962,389.00"
1437,Player-1437,"$18,607,488.00"
1438,Player-1438,"$29,335,196.00"
1439,Player-1439,"$37,196,511.00"
1440,Player-1440,"$36,302,342.00"
1441,Player-1441,"$49,724,656.00"
1442,Player-1442,"$48,639,039.00"
1443,Player-1443,"$24,587,769.00"
1444,Player-1444,"$40,106,539.00"
1445,Player-1445,"$38,864,606.00"
1446,Player-1446,"$21,860,245.00"
1447,Player-1447,"$29,829,638.00"
1448,Player-1448,"$3,008,724.00"
1449,Player-1449,"$7,650,525.00"
1450,Player-1450,"$44,669,488.00"
1451,Player-1451,"$7,223,586.00"
1452,Player-1452,"$20,703,680.00"
1453,Player-1453,"$7,292,685.00"
1454,Player-1454,"$47,115,111.00"
1455,Player-1455,"$49,098,055.00"
1456,Player-1456,"$36,712,685.00"
1457,Player-1457,"$12,193,701.00"
1458,Player-1458,"$46,190,110.00"
1459,Player-1459,"$15,149,069.00"
1460,Player-1460,"$26,687,205.00"
1461,Player-1461,"$33,438,956.00"
1462,Player-1462,"$44,609,428.00"
1463,Player-1463,"$14,005,983.00"
1464,Player-1464,"$43,739,591.00"
1465,Player-1465,"$27,761,387.00"
1466,Player-1466,"$3,932,932.00"
1467,Player-1467,"$12,567,033.00"
1468,Player-1468,"$34,382,502.00"
1469,Player-1469,"$12,451,591.00"
1470,Player-1470,"$8,879,755.00"
1471,Player-1471,"$30,790,006.00"
1472,Player-1472,"$44,774,312.00"
1473,Player-1473,"$9,504,495.00"
1474,Player-1474,"$17,705,769.00"
1475,Player-1475,"$40,834,353.00"
1476,Player-1476,"$18,182,281.00"
1477,Player-1477,"$17,884,494.00"
1478,Player-1478,"$37,193,097.00"
1479,Player-1479,"$9,822,014.00"
1480,Player-1480,"$42,636,530.00"
1481,Player-1481,"$31,756,165.00"
1482,Player-1482,"$4,869,942.00"
1483,Player-1483,"$7,038,919.00"
1484,Player-1484,"$17,216,781.00"
1485,Player-1485,"$20,317,523.00"
1486,Player-1486,"$28,743,910.00"
1487,Player-1487,"$27,830,308.00"
1488,Player-1488,"$40,872,058.00"
1489,Player-1489,"$33,186,066.00"
1490,Player-1490,"$16,037,594.00"
1491,Player-1491,"$10,398,561.00"
1492,Player-1492,"$18,678,168.00"
1493,Player-1493,"$33,184,463.00"
1494,Player-1494,"$13,494,736.00"
1495,Player-1495,"$8,302,566.00"
1496,Player-1496,"$12,691,753.00"
1497,Player-1497,"$5,561,795.00"
1498,Player-1498,"$12,290,078.00"
1499,Player-1499,"$39,404,366.00"
1500,Player-1500,"$32,717,014.00"
1501,Player-1501,"$18,537,438.00"
1502,Player-1502,"$8,524,607.00"
1503,Player-1503,"$7,315,521.00"
1504,Player-1504,"$26,272,803.00"
1505,Player-1505,"$30,866,443.00"
1506,Player-1506,"$48,285,196.00"
1507,Player-1507,"$19,470,252.00"
1508,Player-1508,"$46,525,706.00"
1509,Player-1509,"$31,885,373.00"
1510,Player-1510,"$22,427,091.00"
1511,Player-1511,"$7,815,796.00"
1512,Player-1512,"$2,119,485.00"
1513,Player-1513,"$26,048,354.00"
1514,Player-1514,"$28,879,869.00"
1515,Player-1515,"$9,496,597.00"
1516,Player-1516,"$20,856,720.00"
1517,Player-1517,"$40,849,293.00"
1518,Player-1518,"$8,068,894.00"
1519,Player-1519,"$44,888,417.00"
1520,Player-1520,"$16,615,521.00"
1521,Player-1521,"$14,297,296.00"
1522,Player-1522,"$19,930,794.00"
1523,Player-1523,"$27,032,832.00"
1524,Player-1524,"$35,931,610.00"
1525,Player-1525,"$8,284,066.00"
1526,Player-1526,"$7,337,254.00"
1527,Player-1527,"$37,902,388.00"
1528,Player-1528,"$29,977,399.00"
1529,Player-1529,"$23,024,303.00"
1530,Player-1530,"$43,807,668.00"
1531,Player-1531,"$47,888,338.00"
1532,Player-1532,"$47,783,496.00"
1533,Player-1533,"$42,906,846.00"
1534,Player-1534,"$19,666,854.00"
1535,Player-1535,"$34,332,435.00"
1536,Player-1536,"$40,600,696.00"
1537,Player-1537,"$36,041,972.00"
1538,Player-1538,"$45,944,745.00"
1539,Player-1539,"$38,987,857.00"
1540,Player-1540,"$19,382,209.00"
1541,Player-1541,"$7,343,481.00"
1542,Player-1542,"$35,532,899.00"
1543,Player-1543,"$16,148,876.00"
1544,Player-1544,"$25,864,736.00"
1545,Player-1545,"$35,927,928.00"
1546,Player-1546,"$35,087,789.00"
1547,Player-1547,"$31,385,370.00"
1548,Player-1548,"$9,720,905.00"
1549,Player-1549,"$16,636,585.00"
1550,Player-1550,"$8,652,814.00"
1551,Player-1551,"$26,549,423.00"
1552,Player-1552,"$11,431,279.00"
1553,Player-1553,"$35,767,194.00"
1554,Player-1554,"$47,485,067.00"
1555,Player-1555,"$20,640,010.00"
1556,Player-1556,"$40,833,524.00"
1557,Player-1557,"$39,323,787.00"
1558,Player-1558,"$29,694,653.00"
1559,Player-1559,"$45,056,134.00"
1560,Player-1560,"$25,097,473.00"
1561,Player-1561,"$47,781,607.00"
1562,Player-1562,"$16,152,685.00"
1563,Player-1563,"$3,175,373.00"
1564,Player-1564,"$41,818,798.00"
1565,Player-1565,"$2,540,688.00"
1566,Player-1566,"$18,808,295.00"
1567,Player-1567,"$6,791,804.00"
1568,Player-1568,"$34,664,436.00"
1569,Player-1569,"$18,981,302.00"
1570,Player-1570,"$47,667,976.00"
1571,Player-1571,"$17,229,018.00"
1572,Player-1572,"$17,178,269.00"
1573,Player-1573,"$42,093,077.00"
1574,Player-1574,"$20,484,379.00"
1575,Player-1575,"$46,802,638.00"
1576,Player-1576,"$32,620,564.00"
1577,Player-1577,"$46,986,472.00"
1578,Player-1578,"$49,331,249.00"
1579,Player-1579,"$18,769,039.00"
1580,Player-1580,"$4,412,438.00"
1581,Player-1581,"$11,257,655.00"
1582,Player-1582,"$36,041,432.00"
1583,Player-1583,"$35,304,847.00"
1584,Player-1584,"$11,815,249.00"
1585,Player-1585,"$2,263,730.00"
1586,Player-1586,"$13,282,675.00"
1587,Player-1587,"$4,053,522.00"
1588,Player-1588,"$43,393,674.00"
1589,Player-1589,"$38,423,385.00"
1590,Player-1590,"$40,658,692.00"
1591,Player-1591,"$5,712,395.00"
1592,Player-1592,"$8,461,683.00"
1593,Player-1593,"$16,487,115.00"
1594,Player-1594,"$28,302,811.00"
1595,Player-1595,"$41,789,331.00"
1596,Player-1596,"$37,066,422.00"
1597,Player-1597,"$36,124,513.00"
1598,Player-1598,"$18,216,083.00"
1599,Player-1599,"$25,340,340.00"
1600,Player-1600,"$11,483,742.00"
1601,Player-1601,"$15,914,231.00"
1602,Player-1602,"$40,611,116.00"
1603,Player-1603,"$11,250,499.00"
1604,Player-1604,"$32,309,546.00"
1605,Player-1605,"$22,083,295.00"
1606,Player-1606,"$9,852,587.00"
1607,Player-1607,"$38,755,667.00"
1608,Player-1608,"$22,616,087.00"
1609,Player-1609,"$38,593,458.00"
1610,Player-1610,"$8,152,317.00"
1611,Player-1611,"$45,804,592.00"
1612,Player-1612,"$43,618,142.00"
1613,Player-1613,"$19,874,015.00"
1614,Player-1614,"$19,033,336.00"
1615,Player-1615,"$27,258,930.00"
1616,Player-1616,"$17,416,015.00"
1617,Player-1617,"$47,584,408.00"
1618,Player-1618,"$26,112,948.00"
1619,Player-1619,"$13,494,160.00"
1620,Player-1620,"$3,166,723.00"
1621,Player-1621,"$29,441,305.00"
1622,Player-1622,"$21,686,881.00"
1623,Player-1623,"$12,943,303.00"
1624,Player-1624,"$25,321,573.00"
1625,Player-1625,"$33,892,574.00"
1626,Player-1626,"$13,193,053.00"
1627,Player-1627,"$17,392,747.00"
1628,Player-1628,"$19,592,985.00"
1629,Player-1629,"$32,678,970.00"
1630,Player-1630,"$4,155,068.00"
1631,Player-1631,"$4,441,150.00"
1632,Player-1632,"$2,786,306.00"
1633,Player-1633,"$30,431,055.00"
1634,Player-1634,"$12,333,559.00"
1635,Player-1635,"$16,870,768.00"
1636,Player-1636,"$23,609,130.00"
1637,Player-1637,"$8,624,685.00"
1638,Player-1638,"$38,170,385.00"
1639,Player-1639,"$23,501,884.00"
1640,Player-1640,"$586,845.00"
1641,Player-1641,"$35,298,284.00"
1642,Player-1642,"$40,658,194.00"
1643,Player-1643,"$41,878,676.00"
1644,Player-1644,"$10,316,310.00"
1645,Player-1645,"$26,056,743.00"
1646,Player-1646,"$25,294,765.00"
1647,Player-1647,"$13,728,893.00"
1648,Player-1648,"$30,673,693.00"
1649,Player-1649,"$43,208,719.00"
1650,Player-1650,"$40,849,417.00"
1651,Player-1651,"$29,502,247.00"
1652,Player-1652,"$49,496,625.00"
1653,Player-1653,"$37,471,310.00"
1654,Player-1654,"$788,382.00"
1655,Player-1655,"$16,094,482.00"
1656,Player-1656,"$7,440,735.00"
1657,Player-1657,"$45,034,884.00"
1658,Player-1658,"$48,735,907.00"
1659,Player-1659,"$46,868,263.00"
1660,Player-1660,"$37,803,642.00"
1661,Player-1661,"$25,448,761.00"
1662,Player-1662,"$9,959,141.00"
1663,Player-1663,"$2,522,200.00"
1664,Player-1664,"$42,516,966.00"
1665,Player-1665,"$44,181,348.00"
1666,Player-1666,"$43,456,653.00"
1667,Player-1667,"$21,739,693.00"
1668,Player-1668,"$10,528,668.00"
1669,Player-1669,"$21,039,775.00"
1670,Player-1670,"$12,221,375.00"
1671,Player-1671,"$28,576,506.00"
1672,Player-1672,"$45,584,232.00"
1673,Player-1673,"$1,834,792.00"
1674,Player-1674,"$31,979,096.00"
1675,Player-1675,"$18,508,428.00"
1676,Player-1676,"$21,057,741.00"
1677,Player-1677,"$24,878,948.00"
1678,Player-1678,"$17,255,722.00"
1679,Player-1679,"$41,155,584.00"
1680,Player-1680,"$40,070,925.00"
1681,Player-1681,"$36,758,221.00"
1682,Player-1682,"$22,188,220.00"
1683,Player-1683,"$4,899,184.00"
1684,Player-1684,"$49,313,878.00"
1685,Player-1685,"$17,995,802.00"
1686,Player-1686,"$35,914,996.00"
1687,Player-1687,"$8,721,189.00"
1688,Player-1688,"$17,757,356.00"
1689,Player-1689,"$7,398,303.00"
1690,Player-1690,"$14,722,742.00"
1691,Player-1691,"$29,569,541.00"
1692,Player-1692,"$16,658,699.00"
1693,Player-1693,"$34,000,581.00"
1694,Player-1694,"$7,745,441.00"
1695,Player-1695,"$23,646,903.00"
1696,Player-1696,"$3,144,601.00"
1697,Player-1697,"$33,591,651.00"
1698,Player-1698,"$2,060,664.00"
1699,Player-1699,"$48,808,150.00"
1700,Player-1700,"$26,607,867.00"
1701,Player-1701,"$3,373,510.00"
1702,Player-1702,"$30,409,984.00"
1703,Player-1703,"$14,402,825.00"
1704,Player-1704,"$29,028,189.00"
1705,Player-1705,"$12,239,401.00"
1706,Player-1706,"$39,653,126.00"
1707,Player-1707,"$3,143,999.00"
1708,Player-1708,"$11,257,655.00"
1709,Player-1709,"$27,414,227.00"
1710,Player-1710,"$39,804,947.00"
1711,Player-1711,"$39,920,545.00"
1712,Player-1712,"$9,990,247.00"
1713,Player-1713,"$18,240,567.00"
1714,Player-1714,"$37,796,378.00"
1715,Player-1715,"$23,798,477.00"
1716,Player-1716,"$27,185,705.00"
1717,Player-1717,"$728,852.00"
1718,Player-1718,"$7,224,324.00"
1719,Player-1719,"$20,591,610.00"
1720,Player-1720,"$4,319,678.00"
1721,Player-1721,"$10,959,633.00"
1722,Player-1722,"$4,041,027.00"
1723,Player-1723,"$36,830,769.00"
1724,Player-1724,"$6,554,043.00"
1725,Player-1725,"$27,083,130.00"
1726,Player-1726,"$41,401,503.00"
1727,Player-1727,"$46,783,600.00"
1728,Player-1728,"$5,777,943.00"
1729,Player-1729,"$5,308,327.00"
1730,Player-1730,"$13,813,630.00"
1731,Player-1731,"$37,184,971.00"
1732,Player-1732,"$26,671,808.00"
1733,Player-1733,"$4,541,146.00"
1734,Player-1734,"$27,670,876.00"
1735,Player-1735,"$46,706,652.00"
1736,Player-1736,"$25,891,349.00"
1737,Player-1737,"$18,485,275.00"
1738,Player-1738,"$45,897,296.00"
1739,Player-1739,"$22,939,471.00"
1740,Player-1740,"$30,317,153.00"
1741,Player-1741,"$31,982,007.00"
1742,Player-1742,"$11,230,301.00"
1743,Player-1743,"$28,474,266.00"
1744,Player-1744,"$14,841,810.00"
1745,Player-1745,"$19,737,505.00"
1746,Player-1746,"$2,951,707.00"
1747,Player-1747,"$35,082,979.00"
1748,Player-1748,"$8,292,134.00"
1749,Player-1749,"$35,195,571.00"
1750,Player-1750,"$13,660,787.00"
1751,Player-1751,"$11,635,010.00"
1752,Player-1752,"$16,761,063.00"
1753,Player-1753,"$46,442,717.00"
1754,Player-1754,"$41,620,758.00"
1755,Player-1755,"$38,481,523.00"
1756,Player-1756,"$21,400,961.00"
1757,Player-1757,"$48,394,209.00"
1758,Player-1758,"$41,525,641.00"
1759,Player-1759,"$9,450,516.00"
1760,Player-1760,"$27,834,173.00"
1761,Player-1761,"$43,190,974.00"
1762,Player-1762,"$48,606,490.00"
1763,Player-1763,"$20,034,969.00"
1764,Player-1764,"$1,717,720.00"
1765,Player-1765,"$37,341,677.00"
1766,Player-1766,"$42,363,854.00"
1767,Player-1767,"$42,619,813.00"
1768,Player-1768,"$19,759,538.00"
1769,Player-1769,"$4,210,268.00"
1770,Player-1770,"$26,525,415.00"
1771,Player-1771,"$10,657,069.00"
1772,Player-1772,"$36,003,229.00"
1773,Player-1773,"$40,821,660.00"
1774,Player-1774,"$6,703,531.00"
1775,Player-1775,"$27,862,885.00"
1776,Player-1776,"$30,960,194.00"
1777,Player-1777,"$29,256,609.00"
1778,Player-1778,"$34,174,663.00"
1779,Player-1779,"$45,921,512.00"
1780,Player-1780,"$34,446,286.00"
1781,Player-1781,"$11,361,028.00"
1782,Player-1782,"$6,794,610.00"
1783,Player-1783,"$3,255,278.00"
1784,Player-1784,"$48,807,480.00"
1785,Player-1785,"$41,474,483.00"
1786,Player-1786,"$31,029,932.00"
1787,Player-1787,"$38,211,720.00"
1788,Player-1788,"$45,448,799.00"
1789,Player-1789,"$24,644,139.00"
1790,Player-1790,"$26,896,799.00"
1791,Player-1791,"$15,376,865.00"
1792,Player-1792,"$38,616,043.00"
1793,Player-1793,"$22,201,783.00"
1794,Player-1794,"$26,924,197.00"
1795,Player-1795,"$16,135,543.00"
1796,Player-1796,"$29,781,586.00"
1797,Player-1797,"$20,429,154.00"
1798,Player-1798,"$16,910,315.00"
1799,Player-1799,"$40,912,348.00"
1800,Player-1800,"$14,382,741.00"
1801,Player-1801,"$9,233,041.00"
1802,Player-1802,"$13,245,050.00"
1803,Player-1803,"$21,694,312.00"
1804,Player-1804,"$28,841,338.00"
1805,Player-1805,"$29,470,129.00"
1806,Player-1806,"$23,311,113.00"
1807,Player-1807,"$13,895,070.00"
1808,Player-1808,"$7,202,482.00"
1809,Player-1809,"$16,719,679.00"
1810,Player-1810,"$33,573,159.00"
1811,Player-1811,"$30,547,574.00"
1812,Player-1812,"$33,566,488.00"
1813,Player-1813,"$36,341,172.00"
1814,Player-1814,"$17,190,052.00"
1815,Player-1815,"$19,049,979.00"
1816,Player-1816,"$24,004,518.00"
1817,Player-1817,"$16,229,668.00"
1818,Player-1818,"$2,236,777.00"
1819,Player-1819,"$49,898,191.00"
1820,Player-1820,"$49,194,159.00"
1821,Player-1821,"$49,400,123.00"
1822,Player-1822,"$38,065,951.00"
1823,Player-1823,"$44,768,211.00"
1824,Player-1824,"$2,958,164.00"
1825,Player-1825,"$5,109,642.00"
1826,Player-1826,"$48,782,229.00"
1827,Player-1827,"$10,567,272.00"
1828,Player-1828,"$31,882,344.00"
1829,Player-1829,"$7,492,319.00"
1830,Player-1830,"$19,140,552.00"
1831,Player-1831,"$27,719,472.00"
1832,Player-1832,"$46,110,915.00"
1833,Player-1833,"$4,417,718.00"
1834,Player-1834,"$44,937,032.00"
1835,Player-1835,"$37,789,386.00"
1836,Player-1836,"$46,665,698.00"
1837,Player-1837,"$23,005,945.00"
1838,Player-1838,"$33,999,413.00"
1839,Player-1839,"$12,229,028.00"
1840,Player-1840,"$11,418,642.00"
1841,Player-1841,"$24,922,195.00"
1842,Player-1842,"$48,429,498.00"
1843,Player-1843,"$2,320,364.00"
1844,Player-1844,"$6,133,479.00"
1845,Player-1845,"$34,230,188.00"
1846,Player-1846,"$11,720,746.00"
1847,Player-1847,"$26,249,043.00"
1848,Player-1848,"$29,579,568.00"
1849,Player-1849,"$38,955,003.00"
1850,Player-1850,"$48,736,018.00"
1851,Player-1851,"$38,681,183.00"
1852,Player-1852,"$27,925,920.00"
1853,Player-1853,"$40,042,680.00"
1854,Player-1854,"$14,801,673.00"
1855,Player-1855,"$4,299,680.00"
1856,Player-1856,"$35,100,623.00"
1857,Player-1857,"$44,500,826.00"
1858,Player-1858,"$3,612,884.00"
1859,Player-1859,"$49,041,390.00"
1860,Player-1860,"$5,623,033.00"
1861,Player-1861,"$16,411,444.00"
1862,Player-1862,"$4,144,074.00"
1863,Player-1863,"$11,184,069.00"
1864,Player-1864,"$14,400,586.00"
1865,Player-1865,"$43,148,735.00"
1866,Player-1866,"$22,589,887.00"
1867,Player-1867,"$34,755,818.00"
1868,Player-1868,"$481,821.00"
1869,Player-1869,"$3,410,705.00"
1870,Player-1870,"$2,852,820.00"
1871,Player-1871,"$49,015,157.00"
1872,Player-1872,"$34,051,959.00"
1873,Player-1873,"$7,158,846.00"
1874,Player-1874,"$18,719,311.00"
1875,Player-1875,"$14,575,254.00"
1876,Player-1876,"$7,416,206.00"
1877,Player-1877,"$6,139,260.00"
1878,Player-1878,"$45,200,958.00"
1879,Player-1879,"$33,393,233.00"
1880,Player-1880,"$27,852,874.00"
1881,Player-1881,"$19,312,273.00"
1882,Player-1882,"$29,468,328.00"
1883,Player-1883,"$44,542,465.00"
1884,Player-1884,"$27,894,112.00"
1885,Player-1885,"$37,756,864.00"
1886,Player-1886,"$14,018,400.00"
1887,Player-1887,"$6,057,767.00"
1888,Player-1888,"$31,011,081.00"
1889,Player-1889,"$29,433,032.00"
1890,Player-1890,"$32,416,713.00"
1891,Player-1891,"$9,396,248.00"
1892,Player-1892,"$14,106,962.00"
1893,Player-1893,"$42,498,776.00"
1894,Player-1894,"$26,576,902.00"
1895,Player-1895,"$13,283,207.00"
1896,Player-1896,"$46,477,834.00"
1897,Player-1897,"$23,390,943.00"
1898,Player-1898,"$22,688,040.00"
1899,Player-1899,"$253,062.00"
1900,Player-1900,"$28,871,191.00"
1901,Player-1901,"$35,966,234.00"
1902,Player-1902,"$14,268,119.00"
1903,Player-1903,"$42,882,814.00"
1904,Player-1904,"$8,050,558.00"
1905,Player-1905,"$33,820,024.00"
1906,Player-1906,"$2,161,723.00"
1907,Player-1907,"$624,232.00"
1908,Player-1908,"$6,032,969.00"
1909,Player-1909,"$4,102,159.00"
1910,Player-1910,"$5,635,047.00"
1911,Player-1911,"$1,733,666.00"
1912,Player-1912,"$23,961,883.00"
1913,Player-1913,"$23,504,093.00"
1914,Player-1914,"$14,736,960.00"
1915,Player-1915,"$32,241,679.00"
1916,Player-1916,"$48,649,885.00"
1917,Player-1917,"$9,351,946.00"
1918,Player-1918,"$5,227,522.00"
1919,Player-1919,"$3,284,561.00"
1920,Player-1920,"$17,635,209.00"
1921,Player-1921,"$8,565,385.00"
1922,Player-1922,"$30,913,296.00"
1923,Player-1923,"$13,998,839.00"
1924,Player-1924,"$34,893,000.00"
1925,Player-1925,"$32,288,013.00"
1926,Player-1926,"$25,082,411.00"
1927,Player-1927,"$49,833,981.00"
1928,Player-1928,"$44,716,816.00"
1929,Player-1929,"$27,692,484.00"
1930,Player-1930,"$22,837,525.00"
1931,Player-1931,"$14,164,180.00"
1932,Player-1932,"$28,142,779.00"
1933,Player-1933,"$22,846,569.00"
1934,Player-1934,"$27,807,263.00"
1935,Player-1935,"$13,152,692.00"
1936,Player-1936,"$21,399,012.00"
1937,Player-1937,"$21,621,273.00"
1938,Player-1938,"$6,244,206.00"
1939,Player-1939,"$26,383,002.00"
1940,Player-1940,"$7,375,550.00"
1941,Player-1941,"$15,498,270.00"
1942,Player-1942,"$22,392,453.00"
1943,Player-1943,"$7,025,314.00"
1944,Player-1944,"$25,136,716.00"
1945,Player-1945,"$23,975,128.00"
1946,Player-1946,"$11,873,411.00"
1947,Player-1947,"$16,201,702.00"
1948,Player-1948,"$26,926,453.00"
1949,Player-1949,"$24,748,063.00"
1950,Player-1950,"$32,681,276.00"
1951,Player-1951,"$15,001,724.00"
1952,Player-1952,"$43,993,350.00"
1953,Player-1953,"$15,907,841.00"
1954,Player-1954,"$48,582,139.00"
1955,Player-1955,"$29,227,186.00"
1956,Player-1956,"$37,488,256.00"
1957,Player-1957,"$35,337,625.00"
1958,Player-1958,"$35,658,115.00"
1959,Player-1959,"$49,714,373.00"
1960,Player-1960,"$22,252,668.00"
1961,Player-1961,"$26,323,070.00"
1962,Player-1962,"$48,220,602.00"
1963,Player-1963,"$22,812,690.00"
1964,Player-1964,"$5,910,320.00"
1965,Player-1965,"$7,687,955.00"
1966,Player-1966,"$21,802,025.00"
1967,Player-1967,"$40,656,167.00"
1968,Player-1968,"$30,465,936.00"
1969,Player-1969,"$7,390,373.00"
1970,Player-1970,"$3,284,540.00"
1971,Player-1971,"$2,303,192.00"
1972,Player-1972,"$43,291,316.00"
1973,Player-1973,"$34,929,244.00"
1974,Player-1974,"$41,247,115.00"
1975,Player-1975,"$45,058,993.00"
1976,Player-1976,"$14,145,495.00"
1977,Player-1977,"$34,479,345.00"
1978,Player-1978,"$24,733,997.00"
1979,Player-1979,"$12,180,666.00"
1980,Player-1980,"$37,414,578.00"
1981,Player-1981,"$44,481,261.00"
1982,Player-1982,"$40,664,934.00"
1983,Player-1983,"$27,335,672.00"
1984,Player-1984,"$30,669,693.00"
1985,Player-1985,"$38,675,378.00"
1986,Player-1986,"$23,406,007.00"
1987,Player-1987,"$9,611,069.00"
1988,Player-1988,"$17,236,295.00"
1989,Player-1989,"$14,385,194.00"
1990,Player-1990,"$31,885,974.00"
1991,Player-1991,"$17,179,570.00"
1992,Player-1992,"$35,260,328.00"
1993,Player-1993,"$13,694,843.00"
1994,Player-1994,"$34,449,026.00"
1995,Player-1995,"$42,194,401.00"
1996,Player-1996,"$45,008,582.00"
1997,Player-1997,"$37,404,323.00"
1998,Player-1998,"$40,532,416.00"
1999,Player-1999,"$36,947,298.00"
2000,Player-2000,"$18,673,891.00"
2001,Player-2001,"$24,941,385.00"
2002,Player-2002,"$43,351,774.00"
2003,Player-2003,"$30,865,770.00"
2004,Player-2004,"$29,469,433.00"
2005,Player-2005,"$10,715,336.00"
2006,Player-2006,"$33,493,641.00"
2007,Player-2007,"$2,798,197.00"
2008,Player-2008,"$38,916,309.00"
2009,Player-2009,"$2,336,504.00"
2010,Player-2010,"$25,496,903.00"
2011,Player-2011,"$49,759,547.00"
2012,Player-2012,"$6,794,666.00"
2013,Player-2013,"$19,884,536.00"
2014,Player-2014,"$27,376,898.00"
2015,Player-2015,"$46,232,598.00"
2016,Player-2016,"$9,628,331.00"
2017,Player-2017,"$16,692,372.00"
2018,Player-2018,"$44,400,548.00"
2019,Player-2019,"$31,047,735.00"
2020,Player-2020,"$10,757,412.00"
2021,Player-2021,"$9,446,415.00"
2022,Player-2022,"$16,581,092.00"
2023,Player-2023,"$45,651,783.00"
2024,Player-2024,"$34,289,549.00"
2025,Player-2025,"$11,119,171.00"
2026,Player-2026,"$42,432,890.00"
2027,Player-2027,"$34,508,343.00"
2028,Player-2028,"$14,581,796.00"
2029,Player-2029,"$15,133,653.00"
2030,Player-2030,"$3,031,179.00"
2031,Player-2031,"$23,789,646.00"
2032,Player-2032,"$8,540,325.00"
2033,Player-2033,"$29,661,662.00"
2034,Player-2034,"$27,467,260.00"
2035,Player-2035,"$42,081,115.00"
2036,Player-2036,"$18,569,372.00"
2037,Player-2037,"$44,609,111.00"
2038,Player-2038,"$7,126,708.00"
2039,Player-2039,"$27,939,307.00"
2040,Player-2040,"$24,015,884.00"
2041,Player-2041,"$23,022,482.00"
2042,Player-2042,"$4,020,678.00"
2043,Player-2043,"$8,044,782.00"
2044,Player-2044,"$1,178,497.00"
2045,Player-2045,"$47,959,636.00"
2046,Player-2046,"$30,553,914.00"
2047,Player-2047,"$44,553,656.00"
2048,Player-2048,"$22,924,263.00"
2049,Player-2049,"$40,937,226.00"
2050,Player-2050,"$3,520,383.00"
2051,Player-2051,"$6,959,127.00"
2052,Player-2052,"$7,766,911.00"
2053,Player-2053,"$45,067,057.00"
2054,Player-2054,"$42,249,455.00"
2055,Player-2055,"$33,111,506.00"
2056,Player-2056,"$44,805,917.00"
2057,Player-2057,"$2,422,088.00"
2058,Player-2058,"$10,223,493.00"
2059,Player-2059,"$11,086,922.00"
2060,Player-2060,"$37,021,532.00"
2061,Player-2061,"$24,762,212.00"
2062,Player-2062,"$41,819,375.00"
2063,Player-2063,"$26,837,309.00"
2064,Player-2064,"$43,752,349.00"
2065,Player-2065,"$39,025,562.00"
2066,Player-2066,"$39,613,398.00"
2067,Player-2067,"$49,530,886.00"
2068,Player-2068,"$42,420,264.00"
2069,Player-2069,"$42,633,640.00"
2070,Player-2070,"$48,126,192.00"
2071,Player-2071,"$29,869,852.00"
2072,Player-2072,"$24,300,170.00"
2073,Player-2073,"$14,645,066.00"
2074,Player-2074,"$10,323,671.00"
2075,Player-2075,"$33,971,174.00"
2076,Player-2076,"$17,737,602.00"
2077,Player-2077,"$46,600,651.00"
2078,Player-2078,"$6,875,198.00"
2079,Player-2079,"$16,236,617.00"
2080,Player-2080,"$31,008,619.00"
2081,Player-2081,"$18,754,305.00"
2082,Player-2082,"$4,595,441.00"
2083,Player-2083,"$15,193,564.00"
2084,Player-2084,"$23,891,707.00"
2085,Player-2085,"$16,164,146.00"
2086,Player-2086,"$45,487,057.00"
2087,Player-2087,"$26,742,346.00"
2088,Player-2088,"$8,057,418.00"
2089,Player-2089,"$41,419,678.00"
2090,Player-2090,"$1,442,841.00"
2091,Player-2091,"$40,968,366.00"
2092,Player-2092,"$31,957,843.00"
2093,Player-2093,"$27,351,416.00"
2094,Player-2094,"$10,382,000.00"
2095,Player-2095,"$39,402,303.00"
2096,Player-2096,"$2,346,693.00"
2097,Player-2097,"$42,999,818.00"
2098,Player-2098,"$40,711,042.00"
2099,Player-2099,"$10,268,454.00"
2100,Player-2100,"$23,390,092.00"
2101,Player-2101,"$14,544,337.00"
2102,Player-2102,"$27,256,982.00"
2103,Player-2103,"$28,092,368.00"
2104,Player-2104,"$22,919,513.00"
2105,Player-2105,"$21,296,118.00"
2106,Player-2106,"$19,670,750.00"
2107,Player-2107,"$30,693,865.00"
2108,Player-2108,"$10,564,868.00"
2109,Player-2109,"$27,926,997.00"
2110,Player-2110,"$49,101,758.00"
2111,Player-2111,"$10,745,588.00"
2112,Player-2112,"$19,992,863.00"
2113,Player-2113,"$7,794,919.00"
2114,Player-2114,"$15,129,568.00"
2115,Player-2115,"$32,822,490.00"
2116,Player-2116,"$20,813,401.00"
2117,Player-2117,"$49,112,391.00"
2118,Player-2118,"$38,794,802.00"
2119,Player-2119,"$30,835,839.00"
2120,Player-2120,"$9,621,270.00"
2121,Player-2121,"$27,350,786.00"
2122,Player-2122,"$40,810,323.00"
2123,Player-2123,"$35,072,521.00"
2124,Player-2124,"$2,275,965.00"
2125,Player-2125,"$43,138,463.00"
2126,Player-2126,"$48,956,457.00"
2127,Player-2127,"$8,803,833.00"
2128,Player-2128,"$28,444,144.00"
2129,Player-2129,"$8,597,800.00"
2130,Player-2130,"$33,208,911.00"
2131,Player-2131,"$21,272,416.00"
2132,Player-2132,"$36,710,473.00"
2133,Player-2133,"$47,627,117.00"
2134,Player-2134,"$16,429,139.00"
2135,Player-2135,"$3,930,300.00"
2136,Player-2136,"$32,356,584.00"
2137,Player-2137,"$34,306,804.00"
2138,Player-2138,"$49,756,562.00"
2139,Player-2139,"$16,309,406.00"
2140,Player-2140,"$18,755,511.00"
2141,Player-2141,"$29,481,496.00"
2142,Player-2142,"$16,981,070.00"
2143,Player-2143,"$16,449,436.00"
2144,Player-2144,"$21,845,391.00"
2145,Player-2145,"$30,610,097.00"
2146,Player-2146,"$11,169,240.00"
2147,Player-2147,"$26,489,978.00"
2148,Player-2148,"$37,711,584.00"
2149,Player-2149,"$38,312,681.00"
2150,Player-2150,"$4,248,765.00"
2151,Player-2151,"$48,079,661.00"
2152,Player-2152,"$42,639,803.00"
2153,Player-2153,"$10,978,424.00"
2154,Player-2154,"$43,920,436.00"
2155,Player-2155,"$2,991,045.00"
2156,Player-2156,"$25,228,591.00"
2157,Player-2157,"$10,623,105.00"
2158,Player-2158,"$25,062,862.00"
2159,Player-2159,"$33,501,242.00"
2160,Player-2160,"$44,211,024.00"
2161,Player-2161,"$32,877,009.00"
2162,Player-2162,"$31,492,113.00"
2163,Player-2163,"$46,223,662.00"
2164,Player-2164,"$28,597,234.00"
2165,Player-2165,"$29,783,044.00"
2166,Player-2166,"$48,292,906.00"
2167,Player-2167,"$29,187,474.00"
2168,Player-2168,"$25,076,438.00"
2169,Player-2169,"$12,667,287.00"
2170,Player-2170,"$25,372,806.00"
2171,Player-2171,"$35,316,651.00"
2172,Player-2172,"$14,707,157.00"
2173,Player-2173,"$36,794,905.00"
2174,Player-2174,"$23,641,019.00"
2175,Player-2175,"$7,187,156.00"
2176,Player-2176,"$30,798,475.00"
2177,Player-2177,"$29,268,474.00"
2178,Player-2178,"$6,740,772.00"
2179,Player-2179,"$11,115,846.00"
2180,Player-2180,"$24,979,970.00"
2181,Player-2181,"$21,199,318.00"
2182,Player-2182,"$46,833,182.00"
2183,Player-2183,"$17,714,660.00"
2184,Player-2184,"$15,740,068.00"
2185,Player-2185,"$35,326,101.00"
2186,Player-2186,"$7,940,503.00"
2187,Player-2187,"$35,913,323.00"
2188,Player-2188,"$30,365,687.00"
2189,Player-2189,"$12,999,216.00"
2190,Player-2190,"$18,581,519.00"
2191,Player-2191,"$26,762,799.00"
2192,Player-2192,"$30,149,573.00"
2193,Player-2193,"$44,145,041.00"
2194,Player-2194,"$14,542,287.00"
2195,Player-2195,"$9,947,526.00"
